brand,reddit_volume,sentiment_score,trends_avg,trends_momentum_shifted,serp_presence_score,youtube_engagement,wikimedia_momentum_shifted,norm_reddit_volume,norm_sentiment_score,norm_trends_avg,norm_trends_momentum,norm_serp_presence,norm_youtube_engagement,norm_wikimedia_momentum,composite_score,rank
Oatly,0.0,59.955000000000005,64.84,119.15,100.0,89.89,89.35,0.0,29.4924992020428,100.0,100.0,50.0,80.28086600351084,13.541468969443915,61.79,1
Califia Farms,0.0,66.815,22.91,118.22,100.0,94.4,100.0,0.0,73.28439195659111,35.33312769895126,99.21947125472094,50.0,89.07743319680125,23.64775099639401,59.83,2
Three Trees,0.0,59.37,58.78,90.98,100.0,100.0,100.0,0.0,25.758059368017854,90.6539173349784,76.35753252203105,50.0,100.0,23.64775099639401,59.6,3
Rowdy Mermaid,0.0,68.385,0.0,100.0,100.0,100.0,100.0,0.0,83.30673475901695,0.0,83.9278220730172,50.0,100.0,23.64775099639401,54.12,4
Forager Project,0.0,66.445,0.14,100.0,100.0,100.0,100.0,0.0,70.92243855729329,0.215916101172116,83.9278220730172,50.0,100.0,23.64775099639401,51.68,5
Elmhurst 1925,0.0,69.375,0.02,100.0,100.0,86.29,101.83,0.0,89.62655601659752,0.030845157310302282,83.9278220730172,50.0,73.25921591574021,25.384323401024865,51.55,6
LIVE Soda Kombucha,0.0,65.5,0.0,100.0,100.0,100.0,100.0,0.0,64.88988190233003,0.0,83.9278220730172,50.0,100.0,23.64775099639401,50.43,7
Harmless Harvest,0.0,71.0,0.0,0.0,100.0,100.0,122.22,0.0,100.0,0.0,0.0,50.0,100.0,44.733345985955594,46.97,8
Ripple Foods,0.0,63.339999999999996,0.05,100.0,100.0,100.0,82.13,0.0,51.101180976699624,0.07711289327575571,83.9278220730172,50.0,100.0,6.690074017840196,45.99,9
GT's Living Foods,0.0,55.335,1.12,100.0,100.0,100.0,180.45999999999998,0.0,0.0,1.727328809376928,83.9278220730172,50.0,100.0,100.0,45.43,10
